#SampleID,ForwardBarcodeSequence,LibraryNumber,Direction,LibraryName,ProjectName,Region,Location,Source,Sponge,MediaType,Depth,DepthMeter,SpongeSpecies,SampleDepth,SampleCode,Description
Co.XM3,CTGGATAA,4,p,"NG-9858.Ina.lib129061.4673.2.1.fastq,NG-9858.Ina.lib129061.4673.2.2.fastq",depth.gradient,V4,Curacao,Inoculum.X.muta,X.muta,Cryostock,deep,72.24,X.muta,Xmuta.deep,SCR7.cryo,Co.XM3
Co.XM4,ATAAGGTC,4,p,"NG-9858.Ina.lib129061.4673.2.1.fastq,NG-9858.Ina.lib129061.4673.2.2.fastq",depth.gradient,V4,Curacao,Inoculum.X.muta,X.muta,Cryostock,deep,84.73,X.muta,Xmuta.deep,SCR8.cryo,Co.XM4
Co.XM5,AATAAGGA,4,p,"NG-9858.Ina.lib129061.4673.2.1.fastq,NG-9858.Ina.lib129061.4673.2.2.fastq",depth.gradient,V4,Curacao,Inoculum.X.muta,X.muta,Cryostock,deep,82.3,X.muta,Xmuta.deep,SCR9.cryo,Co.XM5
Co.XM7,TACTTATC,4,p,"NG-9858.Ina.lib129061.4673.2.1.fastq,NG-9858.Ina.lib129061.4673.2.2.fastq",depth.gradient,V4,Curacao,Inoculum.X.muta,X.muta,Cryostock,middle,52.12,X.muta,Xmuta.middle,SCR10.cryo,Co.XM7
Co.XM8,ATCTCAGT,4,p,"NG-9858.Ina.lib129061.4673.2.1.fastq,NG-9858.Ina.lib129061.4673.2.2.fastq",depth.gradient,V4,Curacao,Inoculum.X.muta,X.muta,Cryostock,middle,51.51,X.muta,Xmuta.middle,SCR11.cryo,Co.XM8
Co.XM9,GTCAACGT,4,p,"NG-9858.Ina.lib129061.4673.2.1.fastq,NG-9858.Ina.lib129061.4673.2.2.fastq",depth.gradient,V4,Curacao,Inoculum.X.muta,X.muta,Cryostock,middle,48.46,X.muta,Xmuta.middle,SCR12.cryo,Co.XM9
Co.XM12,ATGTTCCA,4,p,"NG-9858.Ina.lib129061.4673.2.1.fastq,NG-9858.Ina.lib129061.4673.2.2.fastq",depth.gradient,V4,Curacao,Inoculum.X.muta,X.muta,Cryostock,shallow,27.4,X.muta,Xmuta.shallow,SCR58.cryo,Co.XM12
Co.XM14,CGTCTGAG,4,p,"NG-9858.Ina.lib129061.4673.2.1.fastq,NG-9858.Ina.lib129061.4673.2.2.fastq",depth.gradient,V4,Curacao,Inoculum.X.muta,X.muta,Cryostock,shallow,27.4,X.muta,Xmuta.shallow,SCR60.cryo,Co.XM14
Co.XM15,CCAAGTCA,4,p,"NG-9858.Ina.lib129061.4673.2.1.fastq,NG-9858.Ina.lib129061.4673.2.2.fastq",depth.gradient,V4,Curacao,Inoculum.X.muta,X.muta,Cryostock,shallow,27.4,X.muta,Xmuta.shallow,SRC63.cryo,Co.XM15
GP.XM7,GGAGTATG,4,p,"NG-9858.Ina.lib129061.4673.2.1.fastq,NG-9858.Ina.lib129061.4673.2.2.fastq",depth.gradient,V4,Curacao,Scraping.Xmuta,X.muta,GP,middle,52.12,X.muta,Scrap.Xmuta.middle,GP.10,GP.XM7
GP.XM12,TGGTTGAC,4,p,"NG-9858.Ina.lib129061.4673.2.1.fastq,NG-9858.Ina.lib129061.4673.2.2.fastq",depth.gradient,V4,Curacao,Scraping.Xmuta,X.muta,GP,shallow,27,X.muta,Scrap.Xmuta.shallow,GP.58,GP.XM12
GP.XM14,GCCTCATC,4,p,"NG-9858.Ina.lib129061.4673.2.1.fastq,NG-9858.Ina.lib129061.4673.2.2.fastq",depth.gradient,V4,Curacao,Scraping.Xmuta,X.muta,GP,shallow,27,X.muta,Scrap.Xmuta.shallow,GP.60,GP.XM14
GP.XM15,GAGTTCAT,4,p,"NG-9858.Ina.lib129061.4673.2.1.fastq,NG-9858.Ina.lib129061.4673.2.2.fastq",depth.gradient,V4,Curacao,Scraping.Xmuta,X.muta,GP,shallow,27,X.muta,Scrap.Xmuta.shallow,GP.63,GP.XM15
MA.XM3,CTTCATGG,4,p,"NG-9858.Ina.lib129061.4673.2.1.fastq,NG-9858.Ina.lib129061.4673.2.2.fastq",depth.gradient,V4,Curacao,Scraping.Xmuta,X.muta,MA,deep,72.24,X.muta,Scrap.Xmuta.deep,MA.7,MA.XM3
MA.XM5,ACGAGCGA,4,p,"NG-9858.Ina.lib129061.4673.2.1.fastq,NG-9858.Ina.lib129061.4673.2.2.fastq",depth.gradient,V4,Curacao,Scraping.Xmuta,X.muta,MA,deep,82.3,X.muta,Scrap.Xmuta.deep,MA.9,MA.XM5
MA.XM8,AGAGATAA,4,p,"NG-9858.Ina.lib129061.4673.2.1.fastq,NG-9858.Ina.lib129061.4673.2.2.fastq",depth.gradient,V4,Curacao,Scraping.Xmuta,X.muta,MA,middle,51.51,X.muta,Scrap.Xmuta.middle,MA.11,MA.XM8
MA.XM9,GGTCAGAT,4,p,"NG-9858.Ina.lib129061.4673.2.1.fastq,NG-9858.Ina.lib129061.4673.2.2.fastq",depth.gradient,V4,Curacao,Scraping.Xmuta,X.muta,MA,middle,48.46,X.muta,Scrap.Xmuta.middle,MA.12,MA.XM9
MA.XM12,CCGTCTGC,4,p,"NG-9858.Ina.lib129061.4673.2.1.fastq,NG-9858.Ina.lib129061.4673.2.2.fastq",depth.gradient,V4,Curacao,Scraping.Xmuta,X.muta,MA,shallow,27,X.muta,Scrap.Xmuta.shallow,MA.58,MA.XM12
MA.XM15,GGAGCGCA,4,p,"NG-9858.Ina.lib129061.4673.2.1.fastq,NG-9858.Ina.lib129061.4673.2.2.fastq",depth.gradient,V4,Curacao,Scraping.Xmuta,X.muta,MA,shallow,27,X.muta,Scrap.Xmuta.shallow,MA.63,MA.XM15
OL.XM3,CGACCGCG,4,p,"NG-9858.Ina.lib129061.4673.2.1.fastq,NG-9858.Ina.lib129061.4673.2.2.fastq",depth.gradient,V4,Curacao,Scraping.Xmuta,X.muta,Oligo,deep,72.24,X.muta,Scrap.Xmuta.deep,OL.7,OL.XM3
OL.XM7,CGTCCTCC,4,p,"NG-9858.Ina.lib129061.4673.2.1.fastq,NG-9858.Ina.lib129061.4673.2.2.fastq",depth.gradient,V4,Curacao,Scraping.Xmuta,X.muta,Oligo,middle,52.12,X.muta,Scrap.Xmuta.middle,OL.10,OL.XM7
OL.XM8,CGTACTGA,4,p,"NG-9858.Ina.lib129061.4673.2.1.fastq,NG-9858.Ina.lib129061.4673.2.2.fastq",depth.gradient,V4,Curacao,Scraping.Xmuta,X.muta,Oligo,middle,51.51,X.muta,Scrap.Xmuta.middle,OL.11,OL.XM8
OL.XM9,CGCGCCAG,4,p,"NG-9858.Ina.lib129061.4673.2.1.fastq,NG-9858.Ina.lib129061.4673.2.2.fastq",depth.gradient,V4,Curacao,Scraping.Xmuta,X.muta,Oligo,middle,48.46,X.muta,Scrap.Xmuta.middle,OL.12,OL.XM9
OL.XM15,TAATACGT,4,p,"NG-9858.Ina.lib129061.4673.2.1.fastq,NG-9858.Ina.lib129061.4673.2.2.fastq",depth.gradient,V4,Curacao,Scraping.Xmuta,X.muta,Oligo,shallow,27,X.muta,Scrap.Xmuta.shallow,OL.63,OL.XM15
CR.XM3,ACGTCGTC,4,p,"NG-9858.Ina.lib129061.4673.2.1.fastq,NG-9858.Ina.lib129061.4673.2.2.fastq",depth.gradient,V4,Curacao,Scraping.Xmuta,X.muta,Cren,deep,72.24,X.muta,Scrap.Xmuta.deep,CR.7,CR.XM3
CR.XM4,GGCCAGTA,4,p,"NG-9858.Ina.lib129061.4673.2.1.fastq,NG-9858.Ina.lib129061.4673.2.2.fastq",depth.gradient,V4,Curacao,Scraping.Xmuta,X.muta,Cren,deep,84.73,X.muta,Scrap.Xmuta.deep,CR.8,CR.XM4
CR.XM5,CTGAGTTC,4,p,"NG-9858.Ina.lib129061.4673.2.1.fastq,NG-9858.Ina.lib129061.4673.2.2.fastq",depth.gradient,V4,Curacao,Scraping.Xmuta,X.muta,Cren,deep,82.3,X.muta,Scrap.Xmuta.deep,CR.9,CR.XM5
CR.XM7,TCTCTACC,4,p,"NG-9858.Ina.lib129061.4673.2.1.fastq,NG-9858.Ina.lib129061.4673.2.2.fastq",depth.gradient,V4,Curacao,Scraping.Xmuta,X.muta,Cren,middle,52.12,X.muta,Scrap.Xmuta.middle,CR.10,CR.XM7
CR.XM8,CCGAGGCG,4,p,"NG-9858.Ina.lib129061.4673.2.1.fastq,NG-9858.Ina.lib129061.4673.2.2.fastq",depth.gradient,V4,Curacao,Scraping.Xmuta,X.muta,Cren,middle,51.51,X.muta,Scrap.Xmuta.middle,CR.11,CR.XM8
CR.XM9,GAAGCTCG,4,p,"NG-9858.Ina.lib129061.4673.2.1.fastq,NG-9858.Ina.lib129061.4673.2.2.fastq",depth.gradient,V4,Curacao,Scraping.Xmuta,X.muta,Cren,middle,48.46,X.muta,Scrap.Xmuta.middle,CR.12,CR.XM9
CR.XM12,AAGGTAAG,4,p,"NG-9858.Ina.lib129061.4673.2.1.fastq,NG-9858.Ina.lib129061.4673.2.2.fastq",depth.gradient,V4,Curacao,Scraping.Xmuta,X.muta,Cren,shallow,27,X.muta,Scrap.Xmuta.shallow,CR.58,CR.XM12
CR.XM15,ATGCGATT,4,p,"NG-9858.Ina.lib129061.4673.2.1.fastq,NG-9858.Ina.lib129061.4673.2.2.fastq",depth.gradient,V4,Curacao,Scraping.Xmuta,X.muta,Cren,shallow,27,X.muta,Scrap.Xmuta.shallow,CR.63,CR.XM15
M3.XM12,AAGATCGT,4,p,"NG-9858.Ina.lib129061.4673.2.1.fastq,NG-9858.Ina.lib129061.4673.2.2.fastq",depth.gradient,V4,Curacao,Scraping.Xmuta,X.muta,M3,shallow,27,X.muta,Scrap.Xmuta.shallow,M3.58,M3.XM12
M3.XM14,ATATAGGA,4,p,"NG-9858.Ina.lib129061.4673.2.1.fastq,NG-9858.Ina.lib129061.4673.2.2.fastq",depth.gradient,V4,Curacao,Scraping.Xmuta,X.muta,M3,shallow,27,X.muta,Scrap.Xmuta.shallow,M3.60,M3.XM14
Mu.XM3,TATATTGA,4,p,"NG-9858.Ina.lib129061.4673.2.1.fastq,NG-9858.Ina.lib129061.4673.2.2.fastq",depth.gradient,V4,Curacao,Scraping.Xmuta,X.muta,Mucin,deep,72.24,X.muta,Scrap.Xmuta.deep,MU.7,Mu.XM3
Mu.XM4,TCCGACCT,4,p,"NG-9858.Ina.lib129061.4673.2.1.fastq,NG-9858.Ina.lib129061.4673.2.2.fastq",depth.gradient,V4,Curacao,Scraping.Xmuta,X.muta,Mucin,deep,84.73,X.muta,Scrap.Xmuta.deep,MU.8,Mu.XM4
Mu.XM5,TCCAGCTC,4,p,"NG-9858.Ina.lib129061.4673.2.1.fastq,NG-9858.Ina.lib129061.4673.2.2.fastq",depth.gradient,V4,Curacao,Scraping.Xmuta,X.muta,Mucin,deep,82.3,X.muta,Scrap.Xmuta.deep,MU.9,Mu.XM5
Mu.XM7,GCTTGATG,4,p,"NG-9858.Ina.lib129061.4673.2.1.fastq,NG-9858.Ina.lib129061.4673.2.2.fastq",depth.gradient,V4,Curacao,Scraping.Xmuta,X.muta,Mucin,middle,52.12,X.muta,Scrap.Xmuta.middle,MU.10,Mu.XM7
Mu.XM8,GTAAGAAG,4,p,"NG-9858.Ina.lib129061.4673.2.1.fastq,NG-9858.Ina.lib129061.4673.2.2.fastq",depth.gradient,V4,Curacao,Scraping.Xmuta,X.muta,Mucin,middle,51.51,X.muta,Scrap.Xmuta.middle,MU.11,Mu.XM8
Mu.XM9,GAACGCTG,4,p,"NG-9858.Ina.lib129061.4673.2.1.fastq,NG-9858.Ina.lib129061.4673.2.2.fastq",depth.gradient,V4,Curacao,Scraping.Xmuta,X.muta,Mucin,middle,48.46,X.muta,Scrap.Xmuta.middle,MU.12,Mu.XM9
Mu.XM12,CTGACCGG,4,p,"NG-9858.Ina.lib129061.4673.2.1.fastq,NG-9858.Ina.lib129061.4673.2.2.fastq",depth.gradient,V4,Curacao,Scraping.Xmuta,X.muta,Mucin,shallow,27,X.muta,Scrap.Xmuta.shallow,MU.58,Mu.XM12
Mu.XM14,CATCAGTT,4,p,"NG-9858.Ina.lib129061.4673.2.1.fastq,NG-9858.Ina.lib129061.4673.2.2.fastq",depth.gradient,V4,Curacao,Scraping.Xmuta,X.muta,Mucin,shallow,27,X.muta,Scrap.Xmuta.shallow,MU.60,Mu.XM14
Mu.XM15,ACCGGAAT,4,p,"NG-9858.Ina.lib129061.4673.2.1.fastq,NG-9858.Ina.lib129061.4673.2.2.fastq",depth.gradient,V4,Curacao,Scraping.Xmuta,X.muta,Mucin,shallow,27,X.muta,Scrap.Xmuta.shallow,MU.63,Mu.XM15
Co.AS1,TACTTATC,5,p,"NG-9858.Sebastian.lib129062.4673.2.1.fastq,NG-9858.Sebastian.lib129062.4673.2.2.fastq",depth.gradient,V4,Curacao,Inoculum.Asventres,A.sventres,Cryostock,middle,53.64,A.sventres,Asventres.middle,SCR21.cryo,Co.AS1
Co.AS2,ATCTCAGT,5,p,"NG-9858.Sebastian.lib129062.4673.2.1.fastq,NG-9858.Sebastian.lib129062.4673.2.2.fastq",depth.gradient,V4,Curacao,Inoculum.Asventres,A.sventres,Cryostock,middle,51.82,A.sventres,Asventres.middle,SCR22.cryo,Co.AS2
Co.AS3,GTCAACGT,5,p,"NG-9858.Sebastian.lib129062.4673.2.1.fastq,NG-9858.Sebastian.lib129062.4673.2.2.fastq",depth.gradient,V4,Curacao,Inoculum.Asventres,A.sventres,Cryostock,middle,52.12,A.sventres,Asventres.middle,SCR23.cryo,Co.AS3
Co.AS6,ATGTTCCA,5,p,"NG-9858.Sebastian.lib129062.4673.2.1.fastq,NG-9858.Sebastian.lib129062.4673.2.2.fastq",depth.gradient,V4,Curacao,Inoculum.Asventres,A.sventres,Cryostock,shallow,12,A.sventres,Asventres.shallow,SCR50.cryo,Co.AS6
Co.AS7,CGTCTGAG,5,p,"NG-9858.Sebastian.lib129062.4673.2.1.fastq,NG-9858.Sebastian.lib129062.4673.2.2.fastq",depth.gradient,V4,Curacao,Inoculum.Asventres,A.sventres,Cryostock,shallow,12,A.sventres,Asventres.shallow,SCR51.cryo,Co.AS7
Co.AS10,CCAAGTCA,5,p,"NG-9858.Sebastian.lib129062.4673.2.1.fastq,NG-9858.Sebastian.lib129062.4673.2.2.fastq",depth.gradient,V4,Curacao,Inoculum.Asventres,A.sventres,Cryostock,shallow,27.4,A.sventres,Asventres.shallow,SCR62.cryo,Co.AS10
OL.AS1,ACGAGCGA,5,p,"NG-9858.Sebastian.lib129062.4673.2.1.fastq,NG-9858.Sebastian.lib129062.4673.2.2.fastq",depth.gradient,V4,Curacao,Scraping.Asventres,A.sventres,Oligo,middle,53.64,A.sventres,Scrap.Asventres.middle,OL.21,OL.AS1
OL.AS2,AGAGATAA,5,p,"NG-9858.Sebastian.lib129062.4673.2.1.fastq,NG-9858.Sebastian.lib129062.4673.2.2.fastq",depth.gradient,V4,Curacao,Scraping.Asventres,A.sventres,Oligo,middle,51.82,A.sventres,Scrap.Asventres.middle,OL.22,OL.AS2
OL.AS3,GGTCAGAT,5,p,"NG-9858.Sebastian.lib129062.4673.2.1.fastq,NG-9858.Sebastian.lib129062.4673.2.2.fastq",depth.gradient,V4,Curacao,Scraping.Asventres,A.sventres,Oligo,middle,52.12,A.sventres,Scrap.Asventres.middle,OL.23,OL.AS3
OL.AS6,CCGTCTGC,5,p,"NG-9858.Sebastian.lib129062.4673.2.1.fastq,NG-9858.Sebastian.lib129062.4673.2.2.fastq",depth.gradient,V4,Curacao,Scraping.Asventres,A.sventres,Oligo,shallow,12,A.sventres,Scrap.Asventres.shallow,OL.50,OL.AS6
OL.AS7,GGAGCGCA,5,p,"NG-9858.Sebastian.lib129062.4673.2.1.fastq,NG-9858.Sebastian.lib129062.4673.2.2.fastq",depth.gradient,V4,Curacao,Scraping.Asventres,A.sventres,Oligo,shallow,12,A.sventres,Scrap.Asventres.shallow,OL.51,OL.AS7
OL.AS10,CGACCGCG,5,p,"NG-9858.Sebastian.lib129062.4673.2.1.fastq,NG-9858.Sebastian.lib129062.4673.2.2.fastq",depth.gradient,V4,Curacao,Scraping.Asventres,A.sventres,Oligo,shallow,27.4,A.sventres,Scrap.Asventres.shallow,OL.62,OL.AS10
CR.AS1,TAATACGT,5,p,"NG-9858.Sebastian.lib129062.4673.2.1.fastq,NG-9858.Sebastian.lib129062.4673.2.2.fastq",depth.gradient,V4,Curacao,Scraping.Asventres,A.sventres,Cren,middle,53.64,A.sventres,Scrap.Asventres.middle,CR.21,CR.AS1
CR.AS2,ACGTCGTC,5,p,"NG-9858.Sebastian.lib129062.4673.2.1.fastq,NG-9858.Sebastian.lib129062.4673.2.2.fastq",depth.gradient,V4,Curacao,Scraping.Asventres,A.sventres,Cren,middle,51.82,A.sventres,Scrap.Asventres.middle,CR.22,CR.AS2
CR.AS3,GGCCAGTA,5,p,"NG-9858.Sebastian.lib129062.4673.2.1.fastq,NG-9858.Sebastian.lib129062.4673.2.2.fastq",depth.gradient,V4,Curacao,Scraping.Asventres,A.sventres,Cren,middle,52.12,A.sventres,Scrap.Asventres.middle,CR.23,CR.AS3
CR.AS6,CTGAGTTC,5,p,"NG-9858.Sebastian.lib129062.4673.2.1.fastq,NG-9858.Sebastian.lib129062.4673.2.2.fastq",depth.gradient,V4,Curacao,Scraping.Asventres,A.sventres,Cren,shallow,12,A.sventres,Scrap.Asventres.shallow,CR.50,CR.AS6
CR.AS7,TCTCTACC,5,p,"NG-9858.Sebastian.lib129062.4673.2.1.fastq,NG-9858.Sebastian.lib129062.4673.2.2.fastq",depth.gradient,V4,Curacao,Scraping.Asventres,A.sventres,Cren,shallow,12,A.sventres,Scrap.Asventres.shallow,CR.51,CR.AS7
CR.AS10,CCGAGGCG,5,p,"NG-9858.Sebastian.lib129062.4673.2.1.fastq,NG-9858.Sebastian.lib129062.4673.2.2.fastq",depth.gradient,V4,Curacao,Scraping.Asventres,A.sventres,Cren,shallow,27.4,A.sventres,Scrap.Asventres.shallow,CR.62,CR.AS10
Mu.AS1,AAGATCGT,5,p,"NG-9858.Sebastian.lib129062.4673.2.1.fastq,NG-9858.Sebastian.lib129062.4673.2.2.fastq",depth.gradient,V4,Curacao,Scraping.Asventres,A.sventres,Mucin,middle,53.64,A.sventres,Scrap.Asventres.middle,MU.21,Mu.AS1
Mu.AS2,ATATAGGA,5,p,"NG-9858.Sebastian.lib129062.4673.2.1.fastq,NG-9858.Sebastian.lib129062.4673.2.2.fastq",depth.gradient,V4,Curacao,Scraping.Asventres,A.sventres,Mucin,middle,51.82,A.sventres,Scrap.Asventres.middle,MU.22,Mu.AS2
Mu.AS3,TATATTGA,5,p,"NG-9858.Sebastian.lib129062.4673.2.1.fastq,NG-9858.Sebastian.lib129062.4673.2.2.fastq",depth.gradient,V4,Curacao,Scraping.Asventres,A.sventres,Mucin,middle,52.12,A.sventres,Scrap.Asventres.middle,MU.23,Mu.AS3
Mu.AS6,TCCGACCT,5,p,"NG-9858.Sebastian.lib129062.4673.2.1.fastq,NG-9858.Sebastian.lib129062.4673.2.2.fastq",depth.gradient,V4,Curacao,Scraping.Asventres,A.sventres,Mucin,shallow,12,A.sventres,Scrap.Asventres.shallow,MU.50,Mu.AS6
Mu.AS7,TCCAGCTC,5,p,"NG-9858.Sebastian.lib129062.4673.2.1.fastq,NG-9858.Sebastian.lib129062.4673.2.2.fastq",depth.gradient,V4,Curacao,Scraping.Asventres,A.sventres,Mucin,shallow,12,A.sventres,Scrap.Asventres.shallow,MU.51,Mu.AS7
Mu.AS10,GCTTGATG,5,p,"NG-9858.Sebastian.lib129062.4673.2.1.fastq,NG-9858.Sebastian.lib129062.4673.2.2.fastq",depth.gradient,V4,Curacao,Scraping.Asventres,A.sventres,Mucin,shallow,27.4,A.sventres,Scrap.Asventres.shallow,MU.62,Mu.AS10
MA.AS3,CTGACCGG,5,p,"NG-9858.Sebastian.lib129062.4673.2.1.fastq,NG-9858.Sebastian.lib129062.4673.2.2.fastq",depth.gradient,V4,Curacao,Scraping.Asventres,A.sventres,MA,middle,52.12,A.sventres,Scrap.Asventres.middle,MA.23,MA.AS3
MA.AS6,CATCAGTT,5,p,"NG-9858.Sebastian.lib129062.4673.2.1.fastq,NG-9858.Sebastian.lib129062.4673.2.2.fastq",depth.gradient,V4,Curacao,Scraping.Asventres,A.sventres,MA,shallow,12,A.sventres,Scrap.Asventres.shallow,MA.50,MA.AS6
GP.AS7,ACCGGAAT,5,p,"NG-9858.Sebastian.lib129062.4673.2.1.fastq,NG-9858.Sebastian.lib129062.4673.2.2.fastq",depth.gradient,V4,Curacao,Scraping.Asventres,A.sventres,GP,shallow,12,A.sventres,Scrap.Asventres.shallow,GP.51,GP.AS7
M3.AS3,TACCTACT,5,p,"NG-9858.Sebastian.lib129062.4673.2.1.fastq,NG-9858.Sebastian.lib129062.4673.2.2.fastq",depth.gradient,V4,Curacao,Scraping.Asventres,A.sventres,M3,middle,52.12,A.sventres,Scrap.Asventres.middle,M3.23,M3.AS3
